"Sales in $ (dollars)","Quantity","Discount","Profit in $ (dollars)","Shipping Cost in $ (dollars)"
1.91,1,0,0,1.07
826.9075,4,0,68.1925,209.8275
1585.115,5,0,260.61,258.9
1710.97147,5.558,0.09284,411.97466,272.38501
2477.8125,7,0.15,589.6625,351.0725
9892.74,14,0.8,4946.37,923.63
